,,,,,,,,,,,,
,EmployeeID,Name,BusinessUnit,Role,Skills,O_Score,C_Score,E_Score,A_Score,N_Score,PastProjects,PerformanceReviewSummary
,CPF001,Marcus Vance,Swine Business,Senior Farm Veterinarian,"Farm Management, Animal Health",3,5,1,3,1,"SF-ALPHA, HEALTH-V1","Demonstrates exceptionally high conscientiousness, consistently maintaining the highest standards for swine health. While reserved, he is meticulous in his work and a reliable cornerstone for the on-site operations team."
,CPF002,Clara Hayes,Product R&D,Food Scientist,"Food Chemistry, R&D, Sensory Test",5,3,4,4,2,"RTE-LAUNCH, FP-INNOV",Highly creative and frequently proposes innovative ideas for new food formulations. Collaborates effectively with the Marketing team to develop products that strongly resonate with consumer demands.
,CPF003,Leo Chen,Digital Technology,Data Analyst,"SQL, Power BI, Python, Data Viz",3,5,1,3,1,"LOG-OPT-22, SF-ALPHA","Accurately analyzes data from smart farm systems to uncover actionable insights. Prefers focused, independent work and excels in tasks requiring deep concentration."
,CPF004,Isabella Rossi,Supply Chain,Supply Chain Manager,"Logistics, SAP, Negotiation, Cold Chain",3,4,5,5,1,"LOG-OPT-22, RTE-LAUNCH","Manages warehouse and transportation logistics with outstanding efficiency. A skilled negotiator and coordinator who smoothly liaises between internal and external stakeholders, consistently meeting cost-reduction targets."
,CPF005,Kevin Wu,Digital Technology,Software Developer,"Java, Spring Boot, IoT",4,3,3,3,2,SF-ALPHA,A fast learner with a keen interest in applying new technologies like IoT to farm systems. Requires occasional guidance on complex architectural decisions from senior team members.
,CPF006,Diana Miller,Quality Assurance,QA Manager,"GMP, HACCP, Auditing",2,5,3,2,1,"RTE-LAUNCH, FP-INNOV","Extremely meticulous and strictly adheres to food safety standards. Not afraid to challenge processes that deviate from the plan, which is crucial for maintaining product quality."
,CPF007,Victor Grant,Broiler Business,Production Manager,"Production Planning, Lean Mfg.",3,5,4,3,1,FP-INNOV,A strong leader capable of managing large production teams effectively. Handles high-pressure situations well and is an excellent on-the-spot problem solver.
,CPF008,Sophie Dubois,Marketing,Digital Marketing Specialist,"SEO, Content Marketing",5,3,5,4,2,"MKT-CAMP-X, RTE-LAUNCH",Creates engaging and effective online campaigns. Works collaboratively with R&D to communicate the unique selling points of new products.
,CPF009,Ben Carter,Animal Feed,Animal Nutritionist,"Animal Nutrition, Formulation",3,5,2,3,1,HEALTH-V1,Expert in formulating animal feed to maximize quality while managing costs. A vital behind-the-scenes contributor to the team's success.
,CPF010,Omar Khan,Digital Technology,DevOps Engineer,"AWS, Kubernetes, CI/CD",3,4,3,2,1,"DIGI-CORE, SF-ALPHA",Builds stable and efficient infrastructure that accelerates development cycles. A proficient troubleshooter who prefers communicating via ticketing systems.
,CPF011,Ava Rodriguez,Human Resources,HR Business Partner,"Employee Relations, Talent Mgt.",3,4,5,5,1,HR-ENGAGE,Builds strong rapport with employees at all levels and serves as a trusted advisor. Effectively supports line managers in talent planning and team development.
,CPF012,Tom Henderson,Finance,Financial Analyst,"Financial Modeling, Budgeting",2,5,2,3,1,FIN-RPT-Q3,Provides precise financial analysis and budgeting. Exceptionally thorough in data verification but could improve presentation skills for non-financial audiences.
,CPF013,Grace Kim,Product R&D,Senior Food Scientist,New Product Development,4,5,3,4,2,RTE-LAUNCH,"A dependable leader in the R&D team who successfully drives new product projects from concept to completion, consistently meeting project goals."
,CPF014,Derek Shaw,Supply Chain,Logistics Specialist,Warehouse Management,3,4,3,3,1,LOG-OPT-22,Manages product transportation efficiently and punctually. Coordinates well with drivers and warehouse staff to ensure smooth operations.
,CPF015,Chloe Garcia,Marketing,Packaging Designer,"Adobe Illustrator, Graphic Design",5,3,3,4,2,MKT-CAMP-X,Designs beautiful and communicative packaging that highlights product strengths. Creative and receptive to feedback from the team.
,CPF016,Sam Patel,Digital Technology,Senior Data Scientist,"Machine Learning, Big Data",5,4,1,2,2,DIGI-CORE,Capable of building complex ML models for yield prediction. Possesses deep technical skills but sometimes struggles to explain complex concepts in simple terms.
,CPF017,Olivia White,Human Resources,Compensation Specialist,"Payroll, HR Analytics",2,5,3,5,1,HR-ENGAGE,Manages payroll and benefits with perfect accuracy. Highly trusted by employees for handling sensitive personal information.
,CPF018,Jack Turner,Procurement,Procurement Manager,"Sourcing, Negotiation",3,4,4,3,2,LOG-OPT-22,"An excellent negotiator who secures high-quality materials at favorable prices, significantly contributing to the company's cost-saving initiatives."
,CPF019,Mia Lee,Quality Assurance,QA Specialist (Microbiology),"Lab Testing, ISO 22000",2,5,2,3,1,FP-INNOV,A specialist in lab-based microbial testing with exceptional precision and attention to detail. A key player in upholding our safety standards.
,CPF020,Ethan Cole,Broiler Business,Process Improvement Eng.,"Lean, Six Sigma, Kaizen",4,4,3,4,2,FP-INNOV,Proactively identifies areas for improvement on the production line and proposes effective solutions to reduce waste and increase efficiency.
,CPF021,Noah Baker,Digital Technology,Junior Software Developer,"Python, Django, React",4,3,3,4,3,SF-ALPHA,"An energetic and fast-learning developer, eager for new challenges. Benefits from mentorship from senior engineers on complex tasks."
,CPF022,Lily Evans,Marketing,CRM Manager,"CRM Software, Customer Loyalty",3,4,5,5,1,MKT-CAMP-X,"Excels at managing B2B client relationships, building strong connections, and deeply understanding their needs."
,CPF023,Max O'Connell,Aquaculture,Aquaculturist,"Shrimp Farming, Water Mgt.",3,5,3,3,1,HEALTH-V1,"Expertly manages shrimp ponds and water quality, leading to high yields and reduced risk of disease outbreaks."
,CPF024,Zoe Barnes,Supply Chain,Demand Planner,"Forecasting, SAP APO",2,5,2,3,1,LOG-OPT-22,"Provides highly accurate demand forecasts using statistical data, enabling the production team to plan effectively."
,CPF025,Alex Romanov,Digital Technology,Head of Digital Transform.,Project Management,5,4,5,4,1,DIGI-CORE,A visionary leader who successfully drives large-scale digital projects. Excellent at communicating and fostering collaboration across departments.
,CPF026,Hannah Scott,Finance,Senior Accountant,"GL, Taxation, CPA",1,5,2,3,1,FIN-RPT-Q3,Ensures timely and accurate month-end closing. The team's go-to expert for tax compliance and regulations.
,CPF027,David King,Swine Business,Farm Manager,"Staff Management, Operations",3,5,4,4,2,SF-ALPHA,"Effectively manages a large-scale farm, motivating the team to meet and exceed production targets."
,CPF028,Nora Feldman,Human Resources,HRIS Analyst,SAP SuccessFactors,3,4,2,4,1,HR-ENGAGE,Maintains the employee data system with high accuracy and generates insightful reports to support management decisions.
,CPF029,Charles Green,Environment,Environmental Officer,"ISO 14001, Waste Mgt.",3,5,3,4,1,FP-INNOV,Ensures the plant's waste management systems comply with legal and international standards.
,CPF030,Penelope Cruz,Marketing,Brand Manager,Brand Strategy,5,4,5,4,2,MKT-CAMP-X,"Develops sharp, insightful brand strategies and presents marketing plans with confidence and clarity."
,CPF031,Ryan Jones,Product R&D,R&D Technician,"Lab Equipment, Data Recording",3,4,2,4,2,RTE-LAUNCH,Skillfully assists food scientists with experiments and records data with high precision.
,CPF032,Emily Clark,Customer Service,Customer Service Lead,Complaint Handling,3,4,4,5,1,MKT-CAMP-X,"Professionally handles customer complaints, often turning negative experiences into positive outcomes."
,CPF033,Isaac Newton,Broiler Business,Animal Geneticist,"Selective Breeding, Genomics",5,5,1,2,1,HEALTH-V1,"Conducts advanced research to select superior poultry breeds, demonstrating strong analytical and data interpretation skills."
,CPF034,Alice Murray,Health & Safety,Safety Officer,Safety Regulations,2,5,3,3,1,FP-INNOV,"Enforces safety protocols rigorously, leading to a consistent reduction in workplace accidents."
,CPF035,George Bell,Digital Technology,IT Support Specialist,"Troubleshooting, Networking",3,3,5,5,2,DIGI-CORE,"Provides fast and friendly technical support to employees, demonstrating a strong service-oriented attitude."
,CPF036,Rose Foster,Procurement,Junior Buyer,"Sourcing, PO Processing",3,4,3,4,2,LOG-OPT-22,Manages procurement paperwork efficiently and diligently follows up on deliveries.
,CPF037,Victor Adler,Legal,Legal Counsel,"Corporate Law, Compliance",2,5,3,2,2,FIN-RPT-Q3,Provides precise legal advice that protects the company's interests.
,CPF038,Jessica Taylor,Corporate Comm.,PR Specialist,"Press Release, Media Relations",4,3,5,4,2,MKT-CAMP-X,Effectively manages media relations and crafts communications that enhance the company's public image.
,CPF039,Oscar Reed,Supply Chain,Fleet Manager,Vehicle Maintenance,3,4,3,3,1,LOG-OPT-22,Maintains the company's vehicle fleet and optimizes delivery routes to reduce costs.
,CPF040,Fiona Adams,Human Resources,Training Officer,"E-learning, Course Design",4,3,5,5,2,HR-ENGAGE,Develops and delivers engaging training programs that meet the evolving needs of employees.
,CPF041,Henry Mills,Engineering,Energy Manager,Energy Saving,3,5,3,3,1,FP-INNOV,"Successfully manages energy-saving initiatives in the plant, consistently achieving reduction targets."
,CPF042,Daniel Popov,Digital Technology,Mobile App Developer,"Swift, Kotlin, Flutter",5,3,3,3,3,DIGI-CORE,Develops user-friendly mobile applications with impressive speed and a good eye for UI design.
,CPF043,Sarah Jenkins,Administration,Administrative Officer,Document Control,2,5,4,5,1,HR-ENGAGE,"Acts as a central coordination point for the department, handling all administrative tasks flawlessly."
,CPF044,Lucas Schmidt,International Sales,Export Sales Executive,International Trade,4,4,5,4,2,MKT-CAMP-X,Successfully opened new overseas markets while maintaining strong relationships with existing international clients.
,CPF045,Megan Price,Product R&D,Sensory Analyst,Sensory Evaluation,4,3,4,5,2,RTE-LAUNCH,"Organizes consumer taste panels and provides valuable, well-structured feedback to the R&D team."
,CPF046,Ian Stewart,Procurement,Senior Sourcing Specialist,Strategic Sourcing,3,4,5,3,2,LOG-OPT-22,Excels at identifying high-potential new suppliers and negotiating favorable long-term contracts.
,CPF047,Natalie Webb,Marketing,Content Writer,"Copywriting, SEO, Storytelling",5,4,3,4,2,MKT-CAMP-X,Writes compelling and brand-aligned content for social media and web platforms.
,CPF048,Simon Ward,Sustainability,Sustainability Officer,"ESG, CSR, Reporting",4,4,5,5,1,HR-ENGAGE,Drives corporate sustainability initiatives and prepares ESG reports that meet international standards.
,CPF049,Rachel Stone,Digital Technology,BI Developer,"Tableau, Qlik, Data Warehouse",3,5,2,3,1,DIGI-CORE,Builds insightful dashboards that provide management with a clear overview of business performance.
,CPF050,Peter Bishop,Internal Consulting,Internal Consultant,Business Process Re-engineering,5,4,5,4,1,"DIGI-CORE, FP-INNOV","A highly effective consultant across multiple projects, offering a strategic perspective and valuable recommendations for process improvement."